"week","content_type","target_keyword","url","search_intent"
"1","money guide","s9 game not working","fix/app-crash","Primary ranking page"
"1","faq","how to use s9 game not working","faq","Question intent"
"2","update","s9 game not working latest update","updates","Freshness"
"2","support","Network Error","fix/network-error","Problem solving"
"3","comparison","s9 game not working alternative","blog/ranking-review","Comparison intent"
"3","trust","is s9 game not working safe","blog/search-intent-map","Trust intent"
"4","local","s9 game not working pakistan","fix/install-failed","Regional intent"
"4","maintenance","S9 Fix Diagnostics weekly check","blog/weekly-check","Update rhythm"
"5","long-tail article","s9 game not working app crash runbook","blog/app-crash-runbook","Long-tail supporting page"
"5","long-tail article","s9 game not working network error runbook","blog/network-error-runbook","Long-tail supporting page"
"6","long-tail article","s9 game not working install failed runbook","blog/install-failed-runbook","Long-tail supporting page"
"6","long-tail article","s9 game not working login error runbook","blog/login-error-runbook","Long-tail supporting page"
"7","long-tail article","s9 game not working android cache cleanup","blog/android-cache-cleanup","Long-tail supporting page"
"7","long-tail article","s9 game not working diagnostic checklist","blog/diagnostic-checklist","Long-tail supporting page"
"8","weekly update","s9 game not working week 01 app crash runbook","updates/week-01-app-crash-runbook","Freshness and maintenance page"
"8","weekly update","s9 game not working week 02 network error runbook","updates/week-02-network-error-runbook","Freshness and maintenance page"
"9","weekly update","s9 game not working week 03 install failed runbook","updates/week-03-install-failed-runbook","Freshness and maintenance page"
"9","weekly update","s9 game not working week 04 login error runbook","updates/week-04-login-error-runbook","Freshness and maintenance page"
"10","weekly update","s9 game not working week 05 cache cleanup note","updates/week-05-cache-cleanup-note","Freshness and maintenance page"
"10","weekly update","s9 game not working week 06 diagnostic checklist","updates/week-06-diagnostic-checklist","Freshness and maintenance page"
"11","weekly update","s9 game not working week 07 android version cases","updates/week-07-android-version-cases","Freshness and maintenance page"
"11","weekly update","s9 game not working week 08 support path review","updates/week-08-support-path-review","Freshness and maintenance page"
"12","weekly update","s9 game not working week 09 faq rewrite","updates/week-09-faq-rewrite","Freshness and maintenance page"
"12","weekly update","s9 game not working week 10 internal link pass","updates/week-10-internal-link-pass","Freshness and maintenance page"
"13","weekly update","s9 game not working week 11 serp title test","updates/week-11-serp-title-test","Freshness and maintenance page"
"13","weekly update","s9 game not working week 12 mobile ux review","updates/week-12-mobile-ux-review","Freshness and maintenance page"
"sprint-2026-06-13","long-tail support","s9 game not working s9 app not working after update: diagnostic path","blog/app-not-working-after-update","app fix page 1"
"sprint-2026-06-13","long-tail support","s9 game not working network error on mobile data: pakistan user checks","blog/network-error-on-mobile-data","network troubleshooting page 2"
"sprint-2026-06-13","long-tail support","s9 game not working install failed vs login error: how to separate the issue","blog/install-failed-vs-login-error","problem comparison page 3"
"register-login-2026-06-13","register-login cluster","s9 game not working s9 register button not responding","blog/register-button-not-responding","register button fix"
"register-login-2026-06-13","register-login cluster","s9 game not working s9 login error after update","blog/login-error-after-update","post-update login fix"
"register-login-2026-06-13","register-login cluster","s9 game not working s9 app crash during registration","blog/app-crash-during-registration","registration crash fix"
"account-wallet-support-2026-06-13","support cluster","s9 server error during login","blog/server-error-during-login","technical diagnostics"
"account-wallet-support-2026-06-13","support cluster","s9 blank screen after register","blog/blank-screen-after-register","technical diagnostics"
"daily-2026-06-14","daily freshness","s9 app stuck loading after otp","blog/app-stuck-loading-after-otp","post-OTP app loading fix"
"pillar-2026-06-14","pillar hub","s9 pakistan app support","mobile-app-support-hub","mobile support authority"
"daily-2026-06-16","daily support page","s9 network error after register","blog/network-error-after-register","mobile network error after registration"
"serp-intent","SERP intent page","s9 game not working","blog/s9-game-not-working-diagnosis-2026-06-17/","not-working"
"daily-2026-06-17","long-tail intent","s9 game wallet mismatch fix","blog/s9-game-wallet-mismatch-fix-2026-06-17","daily ranking support"
"daily-2026-06-17","long-tail intent","s9 game not working fix checklist","blog/s9-game-not-working-diagnosis-2026-06-17","daily ranking support"
"daily-2026-06-18","long-tail intent","S9 App Not Working Fix Guide","blog/s9-game-not-working-diagnosis-2026-06-18/","intent"
"second-wave-longtail","Support intent page","s9 game app not opening","blog/s9-app-not-opening-android-diagnosis/","app not opening"
"daily-2026-06-19","long-tail intent","S9 App Not Working Fix Guide","blog/s9-game-not-working-diagnosis-2026-06-19/","intent"
"serp-intent","SERP intent page","s9 game not working","blog/s9-game-not-working-diagnosis-2026-06-19/","not-working"
"serp-intent","SERP intent page","s9 game not working","blog/s9-game-not-working-diagnosis-2026-06-20/","not-working"
"serp-intent","SERP intent page","s9 game not working","blog/s9-game-not-working-diagnosis-2026-06-24/","not-working"
"serp-intent","SERP intent page","s9 game not working","blog/s9-game-not-working-diagnosis-2026-06-26/","not-working"
"competitor-response","Competitor gap response","s9 app not working Pakistan","blog/app-not-working-competitor-gap-2026-06-28/","app-fix"
"ranking-push","Competitor gap depth page","s9 app black screen Android Pakistan","blog/s9-app-black-screen-android-2026-06-29/","black-screen"
"ranking-push","Competitor gap depth page","s9 network error mobile data Pakistan","blog/s9-network-error-mobile-data-2026-06-30/","network-error-mobile-data"
"ranking-push","Competitor gap depth page","s9 app black screen Pakistan","blog/s9-app-black-screen-pakistan-2026-07-01/","app-black-screen"
"ranking-push","Competitor gap depth page","s9 app crash low storage Pakistan","blog/s9-app-crash-low-storage-2026-07-02/","app-crash-low-storage"
